{
  "project_info": {
    "project_number": "196558683621",
    "project_id": "loginregsitro",
    "storage_bucket": "loginregsitro.appspot.com"
  },
  "client": [
    {
      "client_info": {
        "mobilesdk_app_id": "1:196558683621:android:1a429ee488d5534c72030c",
        "android_client_info": {
          "package_name": "com.example.registrousuarios"
        }
      },
      "oauth_client": [
        {
          "client_id": "196558683621-0mm7ceqjdue4chfgq9qvv5lk09ijj556.apps.googleusercontent.com",
          "client_type": 3
        }
      ],
      "api_key": [
        {
          "current_key": "AIzaSyAfzeu9A9QVppNLS3l0EqXVUCN0QzmFrIQ"
        }
      ],
      "services": {
        "appinvite_service": {
          "other_platform_oauth_client": [
            {
              "client_id": "196558683621-0mm7ceqjdue4chfgq9qvv5lk09ijj556.apps.googleusercontent.com",
              "client_type": 3
            }
          ]
        }
      }
    }
  ],
  "configuration_version": "1"
}